type,pitch_interval,pleasantness,pleasantness_se
Carillon,0,NA,NA
Carillon,0.01,1.3711282639751396,NA
Carillon,0.02,1.319655363842616,0.15175813947479513
Carillon,0.03,1.268728298499651,0.14692488789319746
Carillon,0.04,1.2183479159443573,0.142263080620805
Carillon,0.05,1.168515064174846,0.137776488713724
Carillon,0.06,1.1192305911892302,0.13346883757119368
Carillon,0.07,1.0704953449856212,0.12934375662750816
Carillon,0.08,1.022310173562131,0.12540471966791944
Carillon,0.09,0.974675924916872,0.12165497544034824
Carillon,0.1,0.9275934470479559,0.1180974686610388
Carillon,0.11,0.8810635879534944,0.11473475207982109
Carillon,0.12,0.8350871956316004,0.11156889097611729
Carillon,0.13,0.789665118080385,0.1086013622771106
Carillon,0.14,0.7447982032979609,0.10583295137632855
Carillon,0.15,0.7004872992824395,0.10326365060819079
Carillon,0.16,0.6567332540319334,0.1008925641000308
Carillon,0.17,0.6135369155445541,0.09871782425879279
Carillon,0.18,0.5708991318184138,0.09673652533480363
Carillon,0.19,0.5288207508516246,0.09494467898258505
Carillon,0.2,0.4873026206422985,0.09333721944373577
Carillon,0.21,0.4463455891885474,0.0919079914990097
Carillon,0.22,0.4059505044884832,0.09064990103693359
Carillon,0.23,0.3661182145402182,0.08955506513183281
Carillon,0.24,0.3268495673418644,0.08861489646194168
Carillon,0.25,0.2881454108915334,0.08781977718466362
Carillon,0.26,0.25000659318733753,0.08715934584706907
Carillon,0.27,0.2124339622273886,0.08662342740244167
Carillon,0.28,0.1754283660097988,0.08620167490302642
Carillon,0.29,0.13900732224674534,0.08588308724985627
Carillon,0.3,0.10318487824192092,0.08565606731297984
Carillon,0.31,0.06795530938084943,0.0855101847996295
Carillon,0.32,0.03331288813118727,0.08543626615960191
Carillon,0.33,-7.481130394090702e-4,0.0854260243341648
Carillon,0.34,-0.034233421663283095,0.08547158793636432
Carillon,0.35000000000000003,-0.06714876527277833,0.08556608020090917
Carillon,0.36,-0.09949987140023817,0.0857034108607129
Carillon,0.37,-0.1312924675780064,0.08587759154855078
Carillon,0.38,-0.16253228133842648,0.08608362678517373
Carillon,0.39,-0.19322504021384193,0.08631687886823151
Carillon,0.4,-0.22337647173659622,0.08657298751650007
Carillon,0.41000000000000003,-0.25299230343903295,0.08684771996840894
Carillon,0.42,-0.28207826285349535,0.0871372791899864
Carillon,0.43,-0.3106400775123274,0.08743810394809086
Carillon,0.44,-0.33868347494787243,0.08774679336239179
Carillon,0.45,-0.366214182692474,0.08805802411892626
Carillon,0.46,-0.39323792827847565,0.08836729674107041
Carillon,0.47000000000000003,-0.41976043923822076,0.08866527219393816
Carillon,0.48,-0.4457874431040528,0.08894730299670163
Carillon,0.49,-0.4713246674083157,0.08920977977630463
Carillon,0.5,-0.4963778396833527,0.08944311125475903
Carillon,0.51,-0.520946392034172,0.08964102829642072
Carillon,0.52,-0.5448903962180618,0.0897990688460638
Carillon,0.53,-0.5681606177658985,0.08990326627745819
Carillon,0.54,-0.5907708420517876,0.08995681615039629
Carillon,0.55,-0.6127348544498344,0.08996090817260428
Carillon,0.56,-0.6340664403341445,0.08991508607038734
Carillon,0.5700000000000001,-0.6547793850788232,0.08983071779157048
Carillon,0.58,-0.6748874740579759,0.08971899499311596
Carillon,0.59,-0.6944044926457081,0.08958716810339662
Carillon,0.6,-0.7133442262161256,0.0894452423067042
Carillon,0.61,-0.7317204601433334,0.0893028380831949
Carillon,0.62,-0.7495469798014369,0.08916852285176385
Carillon,0.63,-0.7668375705645418,0.08904885175434812
Carillon,0.64,-0.7836060178067537,0.08894369786946693
Carillon,0.65,-0.7998661069021774,0.08885151224973661
Carillon,0.66,-0.8156316232249191,0.08877316331192979
Carillon,0.67,-0.8309163521490835,0.08870127270521316
Carillon,0.68,-0.8457340790487766,0.08862096527862912
Carillon,0.6900000000000001,-0.8600985892981037,0.08851325761116777
Carillon,0.7000000000000001,-0.87402366827117,0.08836456821472123
Carillon,0.71,-0.887523101342081,0.08815662697544824
Carillon,0.72,-0.9006106738849423,0.08788816862695185
Carillon,0.73,-0.9133001712738595,0.08756558116154557
Carillon,0.74,-0.9255803094058336,0.08718852026288709
Carillon,0.75,-0.9368834231336391,0.08677183492062557
Carillon,0.76,-0.9470281374846347,0.08633923375967736
Carillon,0.77,-0.9560932428773986,0.08590940398481316
Carillon,0.78,-0.9641575297305106,0.08549248139756298
Carillon,0.79,-0.9712997884625497,0.08509581133987244
Carillon,0.8,-0.9775988094920948,0.08473418419435086
Carillon,0.81,-0.9831333832377255,0.0844204389344116
Carillon,0.8200000000000001,-0.9879823001180201,0.08415973954947997
Carillon,0.8300000000000001,-0.9922243505515584,0.08395149623702151
Carillon,0.84,-0.9959383249569191,0.08379287283038438
Carillon,0.85,-0.9992030137526815,0.08367721489603169
Carillon,0.86,-1.0020972073574246,0.08359987118099983
Carillon,0.87,-1.0046996961897277,0.08355112867871448
Carillon,0.88,-1.0070892706681696,0.08352602397324235
Carillon,0.89,-1.0093447212113296,0.08351217853882129
Carillon,0.9,-1.0115448382377865,0.08349064086667236
Carillon,0.91,-1.01376841216612,0.08345369135946512
Carillon,0.92,-1.0160942334149088,0.08338994944292175
Carillon,0.93,-1.018601092402732,0.08328994192722071
Carillon,0.9400000000000001,-1.0213677795481686,0.08314632665188797
Carillon,0.9500000000000001,-1.0244730852697979,0.08294989218029339
Carillon,0.96,-1.0278471396491369,0.08269663530507011
Carillon,0.97,-1.0308795108712654,0.08237787221358853
Carillon,0.98,-1.0335104646893396,0.08198091626761336
Carillon,0.99,-1.03575826229555,0.08149785499493345
Carillon,1,-1.0376411648820867,0.08093743663913858
Carillon,1.01,-1.039177433641141,0.08031613439580756
Carillon,1.02,-1.0403853297649028,0.07965375565694952
Carillon,1.03,-1.0412831144455628,0.07896836801080045
Carillon,1.04,-1.0418890488753116,0.07827654528142891
Carillon,1.05,-1.0422213942463394,0.0775929288404283
Carillon,1.06,-1.0422984117508374,0.0769266283947222
Carillon,1.07,-1.0421383625809952,0.07628726432179397
Carillon,1.08,-1.041759507929004,0.07568248207374008
Carillon,1.09,-1.041180108987054,0.07511916280178753
Carillon,1.1,-1.0404184269473358,0.07460703548055103
Carillon,1.11,-1.0394927230020399,0.07414685704237081
Carillon,1.12,-1.0384212583433567,0.07373479153879786
Carillon,1.1300000000000001,-1.0372222941634766,0.07335405401353781
Carillon,1.1400000000000001,-1.0359140916545906,0.07299670747455143
Carillon,1.1500000000000001,-1.0345149120088888,0.0726515476865953
Carillon,1.16,-1.0330430164185616,0.07232370782995054
Carillon,1.17,-1.0313525523343623,0.07201731079830596
Carillon,1.18,-1.0290531619257668,0.07173653837345748
Carillon,1.19,-1.0261715479667406,0.07149902358279318
Carillon,1.2,-1.0227563691597141,0.07132071250669371
Carillon,1.21,-1.0188562842071183,0.07121404037801106
Carillon,1.22,-1.0145199518113837,0.07119338694418692
Carillon,1.23,-1.0097960306749418,0.07126956446338992
Carillon,1.24,-1.0047331795002228,0.07144696377197403
Carillon,1.25,-0.9993800569896574,0.07172571605200116
Carillon,1.26,-0.9937853218456766,0.07210496603362593
Carillon,1.27,-0.9879976327707111,0.07257893253535443
Carillon,1.28,-0.9820656484671916,0.07313068000129525
Carillon,1.29,-0.9760380276375492,0.07374519681972685
Carillon,1.3,-0.9699634289842144,0.07441012490643281
Carillon,1.31,-0.963890511209618,0.07511252932945409
Carillon,1.32,-0.9578679330161908,0.07583725102882859
Carillon,1.33,-0.9519443531063636,0.07656794280932148
Carillon,1.34,-0.9461684301825671,0.07729732819969994
Carillon,1.35,-0.9405888229472323,0.07802668412128358
Carillon,1.36,-0.9352541901027898,0.07874713292886391
Carillon,1.37,-0.9302131903516703,0.07944201271201252
Carillon,1.3800000000000001,-0.9255144823963046,0.08010537030759661
Carillon,1.3900000000000001,-0.9212067249391236,0.08074394297630906
Carillon,1.4000000000000001,-0.9171454000224288,0.08136711154481617
Carillon,1.41,-0.9127913269235809,0.08196890376801158
Carillon,1.42,-0.9081377122401282,0.08254653330590454
Carillon,1.43,-0.903216599560474,0.08309439687001119
Carillon,1.44,-0.8980600324730221,0.08360563470554817
Carillon,1.45,-0.8927000545661766,0.08408813655619019
Carillon,1.46,-0.8871687094283404,0.08455042743695877
Carillon,1.47,-0.8814980406479175,0.08500069484166227
Carillon,1.48,-0.8757200918133113,0.08543785754066
Carillon,1.49,-0.8698669065129258,0.08585817970625793
Carillon,1.5,-0.863970528335164,0.08625632426061673
Carillon,1.51,-0.85806300086843,0.08662446035760303
Carillon,1.52,-0.8521763677011271,0.08695868390405423
Carillon,1.53,-0.846342672421659,0.08725570589745406
Carillon,1.54,-0.8405939586184294,0.08750944927330653
Carillon,1.55,-0.8349622698798418,0.0877137606071503
Carillon,1.56,-0.8294796497942999,0.08786854885055506
Carillon,1.57,-0.8241781419502073,0.0879751033806272
Carillon,1.58,-0.8190897899359674,0.08803161627269597
Carillon,1.59,-0.814246637339984,0.08803698925609099
Carillon,1.6,-0.8096807277506608,0.08799119014101384
Carillon,1.61,-0.8054242814522259,0.08789189964742901
Carillon,1.62,-0.8014789411784933,0.08773367230706679
Carillon,1.6300000000000001,-0.7978119005394322,0.08752318092916299
Carillon,1.6400000000000001,-0.7943891649210506,0.08727005675865258
Carillon,1.6500000000000001,-0.7911767397093565,0.08698014221564954
Carillon,1.6600000000000001,-0.788140630290358,0.08666066585839596
Carillon,1.67,-0.7852468420500626,0.08631666618005154
Carillon,1.68,-0.7824613803744788,0.08595473819476898
Carillon,1.69,-0.7797502506496146,0.08558230394838466
Carillon,1.7,-0.7770794582614775,0.08520377237063582
Carillon,1.71,-0.7744150085960761,0.08481774180356434
Carillon,1.72,-0.771722907039418,0.08442410226887691
Carillon,1.73,-0.7689691589775113,0.08402680744398776
Carillon,1.74,-0.7661197697963641,0.08363293374997775
Carillon,1.75,-0.7631407448819841,0.08324649917481072
Carillon,1.76,-0.7599980896203796,0.08287001653023711
Carillon,1.77,-0.7566578093975586,0.08250092063570524
Carillon,1.78,-0.7530859095995288,0.08213858369563429
Carillon,1.79,-0.7492483956122983,0.08178244339474787
Carillon,1.8,-0.7451112728218755,0.0814322110345681
Carillon,1.81,-0.7406405466142677,0.08109180303940976
Carillon,1.82,-0.7358055430343118,0.08076064885486393
Carillon,1.83,-0.7308563488074818,0.08044126421040339
Carillon,1.84,-0.7259588886808599,0.08013788670662149
Carillon,1.85,-0.7211040571293489,0.07985507778173871
Carillon,1.86,-0.7162827486278512,0.07959534655872261
Carillon,1.87,-0.7114858576512701,0.07936293605360983
Carillon,1.8800000000000001,-0.7067042786745078,0.07915991731710313
Carillon,1.8900000000000001,-0.7019289061724674,0.07898786019604052
Carillon,1.9000000000000001,-0.6971506346200514,0.07885276146600557
Carillon,1.9100000000000001,-0.6923603584921626,0.07875579239975114
Carillon,1.92,-0.6875489722637038,0.07869665167602846
Carillon,1.93,-0.6827073704095775,0.07867396638706922
Carillon,1.94,-0.6778264474046868,0.0786864304107624
Carillon,1.95,-0.672897097723934,0.07873048684656708
Carillon,1.96,-0.6679102158422219,0.07880259925151391
Carillon,1.97,-0.6628566962344535,0.0788986450200297
Carillon,1.98,-0.6577274333755313,0.07901524256568067
Carillon,1.99,-0.6525133217403581,0.07914656412986633
Carillon,2,-0.6472052558038368,0.07928471268345084
Carillon,2.0100000000000002,-0.6417941300408696,0.07941887372032902
Carillon,2.02,-0.6362708389263599,0.07954189580378036
Carillon,2.0300000000000002,-0.6306262769352098,0.07964908697051765
Carillon,2.04,-0.6248513385423227,0.07973866733381296
Carillon,2.05,-0.6189369182226008,0.07980464701976445
Carillon,2.06,-0.6128739104509467,0.07984243837635421
Carillon,2.07,-0.6066532097022638,0.07984750328061165
Carillon,2.08,-0.6002657104514542,0.07981682025585234
Carillon,2.09,-0.5937027049901696,0.0797489878479036
Carillon,2.1,-0.5870006466826175,0.07964372071529846
Carillon,2.11,-0.5801873447518564,0.0795021541515444
Carillon,2.12,-0.5732619999230061,0.07933138954436664
Carillon,2.13,-0.566223812921187,0.07913606273869868
Carillon,2.14,-0.559071984471519,0.07892113361072747
Carillon,2.15,-0.5518057152991226,0.07869216903515634
Carillon,2.16,-0.5444242061291176,0.07845663737726036
Carillon,2.17,-0.5369266576866246,0.07822226277054546
Carillon,2.18,-0.5293122706967636,0.07799616342071014
Carillon,2.19,-0.5215802458846546,0.07778515719484118
Carillon,2.2,-0.5137297839754178,0.0775976419018245
Carillon,2.21,-0.5057600856941739,0.07744165068947864
Carillon,2.22,-0.4976703517660422,0.07731966859741139
Carillon,2.23,-0.4894597829161437,0.0772326339100843
Carillon,2.24,-0.48112757986959787,0.07717972091570127
Carillon,2.25,-0.47267294335152565,0.07715253526954756
Carillon,2.2600000000000002,-0.4640950740870463,0.0771423605954184
Carillon,2.27,-0.455393172801281,0.0771430291050207
Carillon,2.2800000000000002,-0.44656644021934894,0.07715056900722998
Carillon,2.29,-0.4376140770663712,0.07716313251860203
Carillon,2.3000000000000003,-0.428535284067467,0.0771778329654169
Carillon,2.31,-0.4193292619477575,0.07718958923594131
Carillon,2.32,-0.40997024990658043,0.07719894513477414
Carillon,2.33,-0.4003684025742541,0.07720585142191871
Carillon,2.34,-0.39053226670081276,0.0772047276101705
Carillon,2.35,-0.3804807443164492,0.07719481927962213
Carillon,2.36,-0.37023273745135804,0.07717709898013339
Carillon,2.37,-0.359807148135732,0.07715460948843571
Carillon,2.38,-0.34922287839976585,0.07712795186348759
Carillon,2.39,-0.33849883027365235,0.07709650409536643
Carillon,2.4,-0.327653905787586,0.07705807032452187
Carillon,2.41,-0.31670700697175974,0.07700935670145778
Carillon,2.42,-0.3056770358563682,0.07695015620346032
Carillon,2.43,-0.2945828944716042,0.07688700819387034
Carillon,2.44,-0.2834434848476622,0.07682269833949733
Carillon,2.45,-0.2722777090147352,0.07675806409901126
Carillon,2.46,-0.2611044690030177,0.0766891962358438
Carillon,2.47,-0.2499426668427026,0.07661321958072445
Carillon,2.48,-0.23881120456398452,0.07652910036132203
Carillon,2.49,-0.22772898419705617,0.07643499330210969
Carillon,2.5,-0.21671490777211228,0.07632986560602557
Carillon,2.5100000000000002,-0.20578787731934564,0.07621802079122393
Carillon,2.52,-0.1949667948689508,0.07610548476178006
Carillon,2.5300000000000002,-0.18427056245112067,0.07599307815146125
Carillon,2.54,-0.1737180820960498,0.07587994558786808
Carillon,2.5500000000000003,-0.1631588239420998,0.07576103439225138
Carillon,2.56,-0.15220778149168032,0.07563117076960899
Carillon,2.57,-0.14088981899186304,0.07548593010040183
Carillon,2.58,-0.12924928307433203,0.07532074855716335
Carillon,2.59,-0.11733052037077277,0.07513360993357117
Carillon,2.6,-0.10517787751286883,0.07493332009210155
Carillon,2.61,-0.09283570113230585,0.07471747421284819
Carillon,2.62,-0.08034833786076727,0.07447920900345022
Carillon,2.63,-0.06776013432993876,0.07422436911647952
Carillon,2.64,-0.05511543717150372,0.07396021601754575
Carillon,2.65,-0.042458593017147904,0.07369055916887765
Carillon,2.66,-0.02983394849855468,0.07341737541300578
Carillon,2.67,-0.01728585024740975,0.07314316728743032
Carillon,2.68,-0.004858644895396541,0.07286654649934488
Carillon,2.69,0.007403320925799273,0.072585642666559
Carillon,2.7,0.01945570058449421,0.0722961196169067
Carillon,2.71,0.031254147449002664,0.07200235634547766
Carillon,2.72,0.04275431488764112,0.0717064473708872
Carillon,2.73,0.053911856268724016,0.0714095097279177
Carillon,2.74,0.06468242496056778,0.07111764126623907
Carillon,2.75,0.07502167433148689,0.0708370334268434
Carillon,2.7600000000000002,0.08529487036277716,0.07057434526016987
Carillon,2.77,0.09621060413257379,0.07034060881914767
Carillon,2.7800000000000002,0.10771799012944903,0.07013683525311248
Carillon,2.79,0.11974846228048938,0.06995221393644153
Carillon,2.8000000000000003,0.13223345451278348,0.06977958610983408
Carillon,2.81,0.14510440075341768,0.0696171578935562
Carillon,2.82,0.1582927349294801,0.06947211830117556
Carillon,2.83,0.17172989096805888,0.06933796409265187
Carillon,2.84,0.1853473027962403,0.06921313404047492
Carillon,2.85,0.19907640434111318,0.06909819290959275
Carillon,2.86,0.21284862952976372,0.06900317870722371
Carillon,2.87,0.2265954122892808,0.068933929964276
Carillon,2.88,0.24024818654675065,0.06890058305779058
Carillon,2.89,0.253738386229262,0.06890988098446328
Carillon,2.9,0.26699744526390123,0.06895907394659168
Carillon,2.91,0.27995679757775704,0.06904582595474655
Carillon,2.92,0.2925478770979157,0.06917122452257976
Carillon,2.93,0.30470211775146594,0.06933711516829308
Carillon,2.94,0.31635095346549424,0.06954088448838917
Carillon,2.95,0.32742581816708916,0.0697783817812529
Carillon,2.96,0.33785814578333717,0.0700496752866889
Carillon,2.97,0.3475793702413268,0.07035154271065835
Carillon,2.98,0.3565209254681447,0.07067621535658954
Carillon,2.99,0.3646142453908791,0.07101267404170764
Carillon,3,0.371790763936617,0.07135055590486455
Carillon,3.0100000000000002,0.37798191503244627,0.07168274791831097
Carillon,3.02,0.38311913260545416,0.07200083337727001
Carillon,3.0300000000000002,0.3871341624695299,0.07229970050899645
Carillon,3.04,0.3900939058362533,0.07257831305606147
Carillon,3.0500000000000003,0.3921267890894425,0.07283678170829072
Carillon,3.06,0.3932891055043106,0.0730731963331046
Carillon,3.0700000000000003,0.3936371483560711,0.07328560175636649
Carillon,3.08,0.39322721091993745,0.07347260173819406
Carillon,3.09,0.39211558647112293,0.07363286686274352
Carillon,3.1,0.39035856828484095,0.07376571138355502
Carillon,3.11,0.3880124496363049,0.07387109565318847
Carillon,3.12,0.3851335238007281,0.07395543560997622
Carillon,3.13,0.38177808405332414,0.07402290623268887
Carillon,3.14,0.37800242366930603,0.07407687105387054
Carillon,3.15,0.3738628359238875,0.07412461907294272
Carillon,3.16,0.3694156140922817,0.07417066746200218
Carillon,3.17,0.36471705144970235,0.07421849550388518
Carillon,3.18,0.35982344127136234,0.07427013484711051
Carillon,3.19,0.35479107683247546,0.07432711134291979
Carillon,3.2,0.3496762514082548,0.0743899648652643
Carillon,3.21,0.34453525827391424,0.07446179079360088
Carillon,3.22,0.33942439070466635,0.07454461249065619
Carillon,3.23,0.33439994197572537,0.07464193972975638
Carillon,3.24,0.32951820536230403,0.07475091464369456
Carillon,3.25,0.32483547413961616,0.07486063634548136
Carillon,3.2600000000000002,0.3204080415828748,0.07496796934456607
Carillon,3.27,0.3162922009672936,0.07506893080513033
Carillon,3.2800000000000002,0.31254424556808574,0.07515852443762061
Carillon,3.29,0.3092204686604648,0.07522419592718434
Carillon,3.3000000000000003,0.30595629475848635,0.07525547799342787
Carillon,3.31,0.30196938145676755,0.07524481312637665
Carillon,3.3200000000000003,0.29728952583425045,0.07519043211377935
Carillon,3.33,0.29196942553995126,0.07508798431212234
Carillon,3.34,0.2860617782228859,0.07493677973008465
Carillon,3.35,0.27961928153206994,0.07474705946740827
Carillon,3.36,0.27269463311651987,0.07452458378191722
Carillon,3.37,0.26534053062525115,0.07427235549649466
Carillon,3.38,0.2576096717072802,0.07399475732322237
Carillon,3.39,0.24955475401162253,0.07369293268317491
Carillon,3.4,0.2412284751872946,0.0733618644406809
Carillon,3.41,0.23268353288331176,0.07300499269124718
Carillon,3.42,0.22397262474869056,0.07263562766001265
Carillon,3.43,0.21514844843244638,0.07226283571546623
Carillon,3.44,0.2062637015835958,0.07188686271884195
Carillon,3.45,0.1973710818511541,0.07151324633440626
Carillon,3.46,0.18852328688413794,0.07116028936831324
Carillon,3.47,0.1797730143315625,0.07085043144025824
Carillon,3.48,0.1711729618424446,0.07059032058291075
Carillon,3.49,0.16277582706579927,0.07037783130148244
Carillon,3.5,0.15463430765064337,0.07021496468564206
Carillon,3.5100000000000002,0.14680110124599202,0.07010281433727866
Carillon,3.52,0.13932890550086194,0.07003088344440819
Carillon,3.5300000000000002,0.13227041806426834,0.06999042658061716
Carillon,3.54,0.12567833658522787,0.06998304332102163
Carillon,3.5500000000000003,0.1196053587127559,0.07000471180046695
Carillon,3.56,0.1141041820958689,0.070043156753998
Carillon,3.5700000000000003,0.10922060684478513,0.07009190690933746
Carillon,3.58,0.10446696918561552,0.07014756689269881
Carillon,3.59,0.09953588768356408,0.07020919898929605
Carillon,3.6,0.09445144646977163,0.070277535368507
Carillon,3.61,0.0892377296753797,0.07036331675296759
Carillon,3.62,0.08391882143152889,0.070463697210981
Carillon,3.63,0.07851880586936073,0.07057820751585712
Carillon,3.64,0.07306176712001584,0.07071080408818714
Carillon,3.65,0.06757178931463574,0.07085792978920888
Carillon,3.66,0.06207295658436106,0.07102255687534076
Carillon,3.67,0.056589353060333296,0.07120854916094066
Carillon,3.68,0.05114506287369308,0.071423859739403725
Carillon,3.69,0.04576417015558193,0.07166957639249681
Carillon,3.7,0.040470759037140466,0.07193820525017533
Carillon,3.71,0.03528891364951021,0.07222564590980962
Carillon,3.72,0.030242718123831763,0.07252754087476718
Carillon,3.73,0.02535625659124667,0.07283853498607872
Carillon,3.74,0.020653613182895537,0.07315120883726554
Carillon,3.75,0.01615887202991988,0.07346175792805414
Carillon,3.7600000000000002,0.011896117263460352,0.07376782939738201
Carillon,3.77,0.007889433014658397,0.07406543712644179
Carillon,3.7800000000000002,0.004162903414654743,0.07435067622203474
Carillon,3.79,7.406125945907813e-4,0.07462002048123884
Carillon,3.8000000000000003,-0.0023533553143927203,0.07486920172140538
Carillon,3.81,-0.005094916181154425,0.07509459626124947
Carillon,3.8200000000000003,-0.007459985874553496,0.07529633518650636
Carillon,3.83,-0.009387245932979108,0.07547138700836312
Carillon,3.84,-0.010660645601891281,0.07561837298033622
Carillon,3.85,-0.011292781340920393,0.07573767416295554
Carillon,3.86,-0.011335695986167283,0.07583284613693865
Carillon,3.87,-0.010841432373732862,0.07591124423350838
Carillon,3.88,-0.009862033339718076,0.07598125402006664
Carillon,3.89,-0.008449541720223731,0.07605189686399658
Carillon,3.9,-0.0066560003513508595,0.07612583550096852
Carillon,3.91,-0.004533452069200211,0.07620770843691346
Carillon,3.92,-0.0021339397098728667,0.07630237412649701
Carillon,3.93,4.904938905304867e-4,0.07641319038803188
Carillon,3.94,0.003287805895908708,0.07654571678529791
Carillon,3.95,0.006205953470161148,0.07670127602729924
Carillon,3.96,0.009192893777186642,0.0768790147042884
Carillon,3.97,0.01219658398088455,0.07707651153906143
Carillon,3.98,0.015164981245153721,0.07728702182884023
Carillon,3.99,0.018046042733893503,0.07750479308401907
Carillon,4,0.020787725611002745,0.07772553079325244
Carillon,4.01,0.023337987040380672,0.07794156200231205
Carillon,4.0200000000000005,0.025644784185926573,0.07814431627614335
Carillon,4.03,0.027656074211539157,0.07832726486464534
Carillon,4.04,0.02931981428111773,0.07848365052634454
Carillon,4.05,0.030583961558561388,0.07861170698350677
Carillon,4.0600000000000005,0.031396473207769296,0.07871504440256663
Carillon,4.07,0.031759088624483775,0.07879318124685618
Carillon,4.08,0.03180237679360525,0.07885213660732733
Carillon,4.09,0.03156554091309176,0.07889365435995577
Carillon,4.1,0.031081536578921837,0.07892598261163304
Carillon,4.11,0.030383319387073976,0.07895637969162406
Carillon,4.12,0.02950384493352685,0.07899318981350116
Carillon,4.13,0.028476068814258952,0.0790450341612395
Carillon,4.14,0.027332946625248832,0.07911773074377071
Carillon,4.15,0.026107433962474922,0.07921778493582504
Carillon,4.16,0.02483248642191599,0.07934885597093662
Carillon,4.17,0.023541059599550485,0.07951010912431175
Carillon,4.18,0.022266109091356952,0.07970012679151577
Carillon,4.19,0.021040590493313836,0.07991815228153162
Carillon,4.2,0.019897459401399902,0.080161896110022
Carillon,4.21,0.01886967141159359,0.08042783327715754
Carillon,4.22,0.01799018211987345,0.08071476978072542
Carillon,4.23,0.01729194712221796,0.08102057342769282
Carillon,4.24,0.01680792201460582,0.08134088847118207
Carillon,4.25,0.016571062393015493,0.0816739916591359
Carillon,4.26,0.01661432385342553,0.08201785967109136
Carillon,4.2700000000000005,0.01697066199181453,0.08237346909501057
Carillon,4.28,0.017673032404160974,0.08273948134808688
Carillon,4.29,0.018739009250747018,0.08311329946967899
Carillon,4.3,0.020075012929945648,0.08349249962277894
Carillon,4.3100000000000005,0.021650217647227188,0.08387768122975155
Carillon,4.32,0.02345364998796481,0.08427200597748498
Carillon,4.33,0.02547433653753212,0.08467709951422998
Carillon,4.34,0.027701303881302555,0.08508911036176152
Carillon,4.3500000000000005,0.030123578604649807,0.08550410429976553
Carillon,4.36,0.0327301872929469,0.08591829049674966
Carillon,4.37,0.03551015653156749,0.08632913272715301
Carillon,4.38,0.03845251290588505,0.0867366262113805
Carillon,4.39,0.04154628300127302,0.08714201826157658
Carillon,4.4,0.04478049340310515,0.08754968673074867
Carillon,4.41,0.04814417069675434,0.08795935704935609
Carillon,4.42,0.051626341467594324,0.08837080662409154
Carillon,4.43,0.05521603230099856,0.08878134456629826
Carillon,4.44,0.05890226978234082,0.08918834939156521
Carillon,4.45,0.06267408049699391,0.08959004976881652
Carillon,4.46,0.06652049103033163,0.0899844180735157
Carillon,4.47,0.0704305279677274,0.09036909026419733
Carillon,4.48,0.07439321789455507,0.0907462212578341
Carillon,4.49,0.07839758739618738,0.09111889930043804
Carillon,4.5,0.08243266305799814,0.09148411282585403
Carillon,4.51,0.0864874714653608,0.0918383375743942
Carillon,4.5200000000000005,0.09055103920364918,0.09218018239533278
Carillon,4.53,0.09461239285823599,0.09251234548732175
Carillon,4.54,0.09866055901449508,0.09283289782562718
Carillon,4.55,0.10268456425779991,0.09314018451017837
Carillon,4.5600000000000005,0.10675574022162038,0.09343062130110462
Carillon,4.57,0.11122614236858434,0.09370508623870094
Carillon,4.58,0.11610476116179555,0.09396865679349233
Carillon,4.59,0.12135387437481282,0.09422096576104128
Carillon,4.6000000000000005,0.12693575978119537,0.09446231911409764
Carillon,4.61,0.132812695154501,0.09468747227950305
Carillon,4.62,0.13894695826828898,0.0948911452456088
Carillon,4.63,0.14530082689611795,0.09506928621864706
Carillon,4.64,0.15183657881154689,0.09522108537623716
Carillon,4.65,0.15851649178813496,0.09535061180736355
Carillon,4.66,0.16530284359943984,0.09545252839235259
Carillon,4.67,0.17215791201902086,0.09552502387365355
Carillon,4.68,0.1790439748204368,0.09556793679754173
Carillon,4.69,0.18592330977724697,0.09558958559180299
Carillon,4.7,0.192758194663009,0.0955958927170389
Carillon,4.71,0.19951090725128223,0.09558980470902062
Carillon,4.72,0.2061437253156255,0.0955715407678391
Carillon,4.73,0.21261892662959794,0.09554210296874066
Carillon,4.74,0.21889878896675735,0.09550398390184091
Carillon,4.75,0.22494559010066298,0.09545629236353517
Carillon,4.76,0.23072160780487364,0.0954045336232558
Carillon,4.7700000000000005,0.23618911985294858,0.09535122111592458
Carillon,4.78,0.24131040401844553,0.09530028660086146
Carillon,4.79,0.24604773807492383,0.09524883493771519
Carillon,4.8,0.25036339979594213,0.09519339408200099
Carillon,4.8100000000000005,0.25421966695505965,0.09512692801166336
Carillon,4.82,0.2575788173258344,0.09502718419049767
Carillon,4.83,0.2604031286818256,0.09489365704960977
Carillon,4.84,0.2630369851346555,0.09473788050978488
Carillon,4.8500000000000005,0.2658753656416778,0.09456427705064033
Carillon,4.86,0.2688850901700852,0.09436820396998415
Carillon,4.87,0.2720326098609756,0.09415049974882324
Carillon,4.88,0.2752843758554468,0.09391582590827245
Carillon,4.89,0.2786068392945964,0.09367429825857362
Carillon,4.9,0.28196645131952225,0.09343051190396773
Carillon,4.91,0.28532966307132157,0.09318680799441634
Carillon,4.92,0.28866292569109236,0.0929508003966602
Carillon,4.93,0.2919326903199322,0.09273088031181605
Carillon,4.94,0.295105408098939,0.09253914915035935
Carillon,4.95,0.29814753016921,0.09237849021794783
Carillon,4.96,0.30102550767184305,0.09224845199863609
Carillon,4.97,0.3037057917479359,0.09215297717709646
Carillon,4.98,0.30615483353858636,0.09209056705618272
Carillon,4.99,0.30833908418489175,0.09205709191261688
Carillon,5,0.31022499482794985,0.09204869480383752
Carillon,5.01,0.3117790166088585,0.09205762038210216
Carillon,5.0200000000000005,0.3129676006687153,0.09207343088826934
Carillon,5.03,0.31375719814861786,0.09208635687994993
Carillon,5.04,0.3141142601896638,0.09208690438779189
Carillon,5.05,0.314004988570137,0.09206507437370905
Carillon,5.0600000000000005,0.31327741177212937,0.09201388299834597
Carillon,5.07,0.31185559242117117,0.09192473826037642
Carillon,5.08,0.30978803742093075,0.09179418420931963
Carillon,5.09,0.30712325367507703,0.09162409966500609
Carillon,5.1000000000000005,0.30390974808727833,0.09141904312963346
Carillon,5.11,0.3001960275612039,0.091184850018449
Carillon,5.12,0.2960305990005221,0.09092180329797286
Carillon,5.13,0.29146196930890167,0.09063460154741766
Carillon,5.14,0.28653864539001134,0.09032333019534027
Carillon,5.15,0.28130913414751907,0.08999045450027063
Carillon,5.16,0.2758219424850949,0.08964270669457026
Carillon,5.17,0.2701255773064068,0.08929091824374856
Carillon,5.18,0.26426854551512335,0.08894544031625486
Carillon,5.19,0.258299354014913,0.08861211748434294
Carillon,5.2,0.2522665097094452,0.08830078663573329
Carillon,5.21,0.2462185195023883,0.08802038597510574
Carillon,5.22,0.2402038902974109,0.08776799545495588
Carillon,5.23,0.23427112899818126,0.08753409967746663
Carillon,5.24,0.22846874250836902,0.08731865693658473
Carillon,5.25,0.22284523773164236,0.08711972817028896
Carillon,5.26,0.21744912157166993,0.08693168308668996
Carillon,5.2700000000000005,0.21232890093212003,0.08675058676655835
Carillon,5.28,0.20753308271666224,0.08657115789560778
Carillon,5.29,0.20311017382896476,0.0863864875827799
Carillon,5.3,0.19909718854539582,0.08619159648142968
Carillon,5.3100000000000005,0.1949007718420278,0.08598480922238806
Carillon,5.32,0.19020323468901193,0.0857651640426975
Carillon,5.33,0.18505790906860434,0.08552485943364532
Carillon,5.34,0.17951812696306169,0.08526389890464442
Carillon,5.3500000000000005,0.17363722035463994,0.08498254702936942
Carillon,5.36,0.16746852122559674,0.08468630300784409
Carillon,5.37,0.16106536155818812,0.0843822636452182
Carillon,5.38,0.15448107333467062,0.0840717086831338
Carillon,5.39,0.14776898853730083,0.08375779552082888
Carillon,5.4,0.14098243914833472,0.08344812056920661
Carillon,5.41,0.13417475715003,0.08314584864679793
Carillon,5.42,0.12739927452464272,0.08285170559835792
Carillon,5.43,0.12070932325442937,0.08256918897677758
Carillon,5.44,0.11415823532164601,0.0822992774900548
Carillon,5.45,0.10779934270855027,0.08204302560935534
Carillon,5.46,0.10168597739739821,0.08180319722413994
Carillon,5.47,0.09587147137044637,0.08158257712800564
Carillon,5.48,0.09040915660995079,0.08138351541531899
Carillon,5.49,0.08535236509816908,0.08120233657904984
Carillon,5.5,0.08075442881735727,0.08102967573531025
Carillon,5.51,0.07666867974977191,0.08086069598009646
Carillon,5.5200000000000005,0.07314844987766932,0.08068947006816583
Carillon,5.53,0.07023609376560602,0.08051014914253987
Carillon,5.54,0.06780856660778865,0.08032082720265493
Carillon,5.55,0.06579265560784715,0.08012203540700226
Carillon,5.5600000000000005,0.06415716239942766,0.07991663314248702
Carillon,5.57,0.06287088861617676,0.0797072620813835
Carillon,5.58,0.06190263589174051,0.079495695455334
Carillon,5.59,0.061221205859765225,0.07928182192111818
Carillon,5.6000000000000005,0.060795400153897124,0.07906868291624249
Carillon,5.61,0.06059402040778257,0.07886059919639955
Carillon,5.62,0.06058586825506776,0.07865811019780626
Carillon,5.63,0.06073974532939898,0.07846061951300087
Carillon,5.64,0.061024453264422504,0.07827646808421333
Carillon,5.65,0.061408793693784644,0.07811127344539065
Carillon,5.66,0.061861568251131586,0.07796771349410983
Carillon,5.67,0.06235157857010963,0.07784900695418301
Carillon,5.68,0.06284762628436506,0.07775826742027497
Carillon,5.69,0.06331851302754418,0.07769778215523956
Carillon,5.7,0.0637330404332932,0.0776661174953958
Carillon,5.71,0.06406001013525837,0.07765696768314448
Carillon,5.72,0.06426822376708602,0.07766438672551497
Carillon,5.73,0.0643264829624224,0.07768050698306461
Carillon,5.74,0.06420358935491376,0.07769852022548195
Carillon,5.75,0.06386834457820639,0.07771000534658158
Carillon,5.76,0.06334925146000107,0.07770992822760052
Carillon,5.7700000000000005,0.06302858136533666,0.0777001954515
Carillon,5.78,0.06295707233560822,0.07768370339927179
Carillon,5.79,0.0631070705252124,0.07766312505536671
Carillon,5.8,0.06345092208854593,0.07763590251471589
Carillon,5.8100000000000005,0.06396097318000558,0.07759632324434963
Carillon,5.82,0.06460956995398796,0.07753571766627443
Carillon,5.83,0.06536905856488988,0.07745252336509222
Carillon,5.84,0.06621178516710802,0.077341544348104585
Carillon,5.8500000000000005,0.06711009591503919,0.07719459053715297
Carillon,5.86,0.06803633696307997,0.07700609593702439
Carillon,5.87,0.06896285446562715,0.07677599528474388
Carillon,5.88,0.06986199457707742,0.0765041344948882
Carillon,5.89,0.07070610345182755,0.07619443351350755
Carillon,5.9,0.0714675272442743,0.07584551110271436
Carillon,5.91,0.07211861210881425,0.07545356250320635
Carillon,5.92,0.07263170419984422,0.07502004565448071
Carillon,5.93,0.0729791496717609,0.07454782544718297
Carillon,5.94,0.07313329467896101,0.07403783754800759
Carillon,5.95,0.0730664853758413,0.0734912379792544
Carillon,5.96,0.07275106791679845,0.07291051271658142
Carillon,5.97,0.0721593884562292,0.07229934495021442
Carillon,5.98,0.07127155848555435,0.07165861082423079
Carillon,5.99,0.0701299235616391,0.07099441402583077
Carillon,6,0.06876692047714246,0.07031449172504792
Carillon,6.01,0.06720828578705625,0.06962559725549866
Carillon,6.0200000000000005,0.06547975604637203,0.06893450883190866
Carillon,6.03,0.06360706781008192,0.06825211886227345
Carillon,6.04,0.061615957633177516,0.06758345001757103
Carillon,6.05,0.05953216207065061,0.0669313665742161
Carillon,6.0600000000000005,0.05738141767749275,0.06629894187983851
Carillon,6.07,0.05518946100869614,0.06569982548212673
Carillon,6.08,0.05298202861925231,0.06514202191992471
Carillon,6.09,0.050784857064153054,0.06462994200298992
Carillon,6.1000000000000005,0.04862368289838996,0.06416570961752335
Carillon,6.11,0.04652424267695519,0.0637535279764301
Carillon,6.12,0.0445122729548403,0.06340116722280287
Carillon,6.13,0.042613510287037075,0.0631136053176652
Carillon,6.140000000000001,0.040853691228537124,0.06289275299876905
Carillon,6.15,0.03925855233433255,0.06274012746711909
Carillon,6.16,0.03785383015941495,0.06265603075476574
Carillon,6.17,0.0366652612587761,0.06264137046922676
Carillon,6.18,0.035718582187407776,0.06268847039783788
Carillon,6.19,0.03497604327289685,0.06279018350979713
Carillon,6.2,0.03399958139600571,0.06294217552216677
Carillon,6.21,0.032734463942039646,0.0631437075003774
Carillon,6.22,0.031221744961776852,0.0633982318906994
Carillon,6.23,0.02950247850599538,0.06369832059514619
Carillon,6.24,0.027617718625473735,0.06404349970790049
Carillon,6.25,0.025608519370989968,0.0644269015645682
Carillon,6.26,0.02351593479332229,0.06484475218132982
Carillon,6.2700000000000005,0.021381018943248693,0.06529200239966311
Carillon,6.28,0.01924482587154777,0.06575602665683535
Carillon,6.29,0.017148409628997534,0.06623384600920297
Carillon,6.3,0.015132824266376178,0.06672397246214674
Carillon,6.3100000000000005,0.013239123834461738,0.06722848788870509
Carillon,6.32,0.011508362384032756,0.06774205172279263
Carillon,6.33,0.009981593965867263,0.0682525827545224
Carillon,6.34,0.008699872630743448,0.06875390570085156
Carillon,6.3500000000000005,0.007704252429439446,0.06924445225654126
Carillon,6.36,0.007035787412733629,0.06971268785894766
Carillon,6.37,0.006735531631404098,0.07014654629840142
Carillon,6.38,0.0068445391362290525,0.07053492994088545
Carillon,6.390000000000001,0.007403863977986761,0.07086797044223132
Carillon,6.4,0.008350072880092376,0.07114005807045815
Carillon,6.41,0.009548756536083405,0.0713551593318348
Carillon,6.42,0.010985324814744736,0.07151761002308306
Carillon,6.43,0.012645923552297794,0.07163611136775651
Carillon,6.44,0.01451669858496419,0.07171631926790342
Carillon,6.45,0.01658379574896501,0.07176272433471953
Carillon,6.46,0.01883336088052185,0.07178130337644492
Carillon,6.47,0.021251539815856146,0.07177991129689663
Carillon,6.48,0.023824478391189546,0.07176649470555681
Carillon,6.49,0.02653832244274304,0.07174596207819534
Carillon,6.5,0.029379217806738276,0.0717208812824447
Carillon,6.51,0.03233331031939668,0.07169081332281631
Carillon,6.5200000000000005,0.03538674581693995,0.07165494296586096
Carillon,6.53,0.038525670135588996,0.07162043245738746
Carillon,6.54,0.041736229111565486,0.07159107325450617
Carillon,6.55,0.04500456858109088,0.07156812292254423
Carillon,6.5600000000000005,0.048316834380386864,0.07155293407594307
Carillon,6.57,0.05165917234567433,0.07154332671417
Carillon,6.58,0.05501772831317497,0.07153701866293644
Carillon,6.59,0.05837864811911021,0.07153330792467161
Carillon,6.6000000000000005,0.061728077599701794,0.07152612663967153
Carillon,6.61,0.06505216259117054,0.07151186332592734
Carillon,6.62,0.06833704892973819,0.07149419584479648
Carillon,6.63,0.07156896177615531,0.07146706444146202
Carillon,6.640000000000001,0.07510643907675456,0.07142374395055763
Carillon,6.65,0.07925692633129858,0.07135980286331796
Carillon,6.66,0.08396204646369125,0.07126943857452561
Carillon,6.67,0.08916342239783621,0.0711566791442171
Carillon,6.68,0.0948026770576371,0.07102503724453775
Carillon,6.69,0.10082143336699809,0.07088044765034825
Carillon,6.7,0.1071613142498217,0.07073119948451823
Carillon,6.71,0.11376394263001215,0.07058044359477636
Carillon,6.72,0.120570941431473,0.07042776795209568
Carillon,6.73,0.1275239335781085,0.07027249137706987
Carillon,6.74,0.13456454199382115,0.07010758613917163
Carillon,6.75,0.14163438960251507,0.0699325302271569
Carillon,6.76,0.14867509932809392,0.06974820503381199
Carillon,6.7700000000000005,0.15562829409446194,0.06955717621359983
Carillon,6.78,0.1624355968255215,0.06936055059500036
Carillon,6.79,0.16903863044517692,0.06915883415957567
Carillon,6.8,0.17537901787733182,0.06895170832111372
Carillon,6.8100000000000005,0.18139838204589023,0.06874202637135006
Carillon,6.82,0.18703834587475487,0.06852844244787493
Carillon,6.83,0.19224053228782972,0.06831276838230788
Carillon,6.84,0.19694656420901863,0.0680929804833699
Carillon,6.8500000000000005,0.20109806456222545,0.0678686760272678
Carillon,6.86,0.20463665627135305,0.06764179198014313
Carillon,6.87,0.2075039622603055,0.06741421276108227
Carillon,6.88,0.20979814558354443,0.06718825447838139
Carillon,6.890000000000001,0.21194310802428387,0.06696659212266715
Carillon,6.9,0.21396624762394512,0.06675124805956506
Carillon,6.91,0.21586693174979515,0.06654032388846641
Carillon,6.92,0.21764452776910093,0.06633506988238967
Carillon,6.93,0.21929840304912923,0.06613357341471825
Carillon,6.94,0.22082792495714704,0.06593460073821351
Carillon,6.95,0.22223246086042087,0.06573360533478548
Carillon,6.96,0.2235113781262179,0.06552784509116885
Carillon,6.97,0.2246640441218048,0.06531346205000575
Carillon,6.98,0.2256898262144485,0.0650874900860678
Carillon,6.99,0.22658809177141578,0.06484889294745531
Carillon,7,0.22735820815997346,0.0645982247484727
Carillon,7.01,0.22799954274738854,0.06433529719079871
Carillon,7.0200000000000005,0.2285114629009277,0.06405968520167164
Carillon,7.03,0.22889333598785785,0.06377166338284398
Carillon,7.04,0.22914452937544585,0.06347305797616809
Carillon,7.05,0.22926441043095855,0.06316700977049426
Carillon,7.0600000000000005,0.22925234652166276,0.06285541105393219
Carillon,7.07,0.2291077050148253,0.06254331414424258
Carillon,7.08,0.22882985327771313,0.062230579389340596
Carillon,7.09,0.228418158677593,0.061911659867827255
Carillon,7.1000000000000005,0.22787198858173174,0.06159042743024026
Carillon,7.11,0.22719071035739624,0.061270913066483655
Carillon,7.12,0.22637369137185342,0.06095861569910814
Carillon,7.13,0.22540803850956395,0.060655872074293925
Carillon,7.140000000000001,0.22401396560694134,0.06036746676528556
Carillon,7.15,0.22210411054052306,0.060102754943659936
Carillon,7.16,0.21971702664715262,0.05986813684504003
Carillon,7.17,0.2168912672636734,0.05966614618419505
Carillon,7.18,0.21366538572692895,0.05949374980110268
Carillon,7.19,0.21007793537376243,0.059350703833568046
Carillon,7.2,0.2061674695410179,0.059237541528100505
Carillon,7.21,0.20197254156553857,0.0591576383840178
Carillon,7.22,0.19753170478416796,0.059113686618099445
Carillon,7.23,0.19288351253374916,0.05910582341385558
Carillon,7.24,0.1880665181511264,0.059132953083447085
Carillon,7.25,0.1831192749731428,0.05919059272208486
Carillon,7.26,0.1780803363366418,0.059276344265447097
Carillon,7.2700000000000005,0.17298825557846653,0.059386366454097464
Carillon,7.28,0.16788158603546133,0.05951442479503945
Carillon,7.29,0.16279888104446924,0.05964858491776861
Carillon,7.3,0.15777869394233374,0.05978525661672909
Carillon,7.3100000000000005,0.1528595780658979,0.059916179677448334
Carillon,7.32,0.14808008675200607,0.060031240406378
Carillon,7.33,0.14347877333750134,0.06013346354543525
Carillon,7.34,0.13909419115922714,0.060230207722740244
Carillon,7.3500000000000005,0.1349648935540266,0.06033158206721125
Carillon,7.36,0.13112943385874395,0.060434762394634516
Carillon,7.37,0.12762636541022235,0.060540394842716776
Carillon,7.38,0.12449424154530521,0.06064768837613199
Carillon,7.390000000000001,0.12177161560083587,0.06075877067210304
Carillon,7.4,0.11940728891408552,0.06087454959946915
Carillon,7.41,0.1169080183500908,0.060995548831679
Carillon,7.42,0.1142145838395135,0.06112477798401053
Carillon,7.43,0.11135325886846004,0.06125945950471867
Carillon,7.44,0.10835031692303655,0.06139270307918944
Carillon,7.45,0.10523203148935006,0.06152097260816299
Carillon,7.46,0.10202467605350675,0.061644691901394925
Carillon,7.47,0.09875452410161306,0.06176497452292626
Carillon,7.48,0.0954478491197751,0.0618871880195423
Carillon,7.49,0.0921309245940999,0.06201271821030329
Carillon,7.5,0.08883002401069362,0.06214704586774663
Carillon,7.51,0.08557142085566276,0.0622930703654716
Carillon,7.5200000000000005,0.08238138861511339,0.062455082744586776
Carillon,7.53,0.07928620077515258,0.06263170288773835
Carillon,7.54,0.07631213082188644,0.06281483224106767
Carillon,7.55,0.07348545224142146,0.06299791562166639
Carillon,7.5600000000000005,0.07083243851986383,0.06317691538089563
Carillon,7.57,0.06837936314332047,0.06334836382167035
Carillon,7.58,0.06615249959789755,0.0635104366727878
Carillon,7.59,0.06417812136970154,0.06366331515283878
Carillon,7.6000000000000005,0.062482501944838745,0.0638038103701309
Carillon,7.61,0.06109191480941588,0.06392957524583179
Carillon,7.62,0.06001378303899811,0.0640369635156796
Carillon,7.63,0.05915336012234516,0.06412525420190807
Carillon,7.640000000000001,0.05848432883439974,0.06419497118345234
Carillon,7.65,0.057995687397137743,0.06424653727407958
Carillon,7.66,0.057676434032534876,0.06427931390576815
Carillon,7.67,0.05751556696256685,0.06429257754318732
Carillon,7.68,0.05750208440920943,0.0642857559130684
Carillon,7.69,0.05762498459443839,0.06426105560111539
Carillon,7.7,0.05787326574022946,0.06422017674841164
Carillon,7.71,0.05823592606855839,0.06416019941623874
Carillon,7.72,0.05870196380140089,0.06408396605800488
Carillon,7.73,0.05926037716073285,0.06399415759938923
Carillon,7.74,0.05990016436852987,0.0638909765470933
Carillon,7.75,0.060610323646767744,0.06377397266263288
Carillon,7.76,0.061379853217422224,0.06364137202323349
Carillon,7.7700000000000005,0.06219775130246915,0.06349298497464678
Carillon,7.78,0.06305301612388411,0.06333185585333875
Carillon,7.79,0.06393464590364295,0.06316076771695468
Carillon,7.8,0.06483163886372138,0.06297635345915706
Carillon,7.8100000000000005,0.0657329932260953,0.06277389788596396
Carillon,7.82,0.06662770721274024,0.06255045808353624
Carillon,7.83,0.06750477904563203,0.06230393940481359
Carillon,7.84,0.068359934161354,0.062033127523903366
Carillon,7.8500000000000005,0.06929044758436456,0.06174082811220959
Carillon,7.86,0.07032812724636016,0.06142926506864394
Carillon,7.87,0.07146853663418751,0.06109937404621622
Carillon,7.88,0.0727072392346932,0.060748939087518466
Carillon,7.890000000000001,0.07403979853472392,0.06037516631356382
Carillon,7.9,0.07546177802112604,0.05997800948053595
Carillon,7.91,0.07696874118074629,0.05955997946498148
Carillon,7.92,0.07855625150043122,0.05912262062336972
Carillon,7.930000000000001,0.08021987246702761,0.05866510253248235
Carillon,7.94,0.08195516756738172,0.05818761120739302
Carillon,7.95,0.08375770028834036,0.05769390687293363
Carillon,7.96,0.08562303411675007,0.05718791191965832
Carillon,7.97,0.08754673253945745,0.05666961580004274
Carillon,7.98,0.08952435904330928,0.056138031573259084
Carillon,7.99,0.0915514771151518,0.055595553682685546
Carillon,8,0.09362365024183175,0.055045560304107496
Carillon,8.01,0.09573644191019579,0.05449023408264296
Carillon,8.02,0.09788541560709046,0.053932642036946726
Carillon,8.03,0.10006613481936237,0.053376453721262665
Carillon,8.040000000000001,0.10227416303385853,0.05282528282353012
Carillon,8.05,0.10450506373742471,0.05228106959377856
Carillon,8.06,0.10675440041690794,0.05174177086462609
Carillon,8.07,0.10901773655915474,0.05120867880915434
Carillon,8.08,0.11129063565101179,0.050687483860332
Carillon,8.09,0.11356866117932564,0.05018391560350456
Carillon,8.1,0.11584737663094288,0.049701808800426156
Carillon,8.11,0.11812234549271013,0.049245653734753314
Carillon,8.120000000000001,0.12044462906404302,0.04882062796043457
Carillon,8.13,0.12293549738280694,0.04842796849936854
Carillon,8.14,0.12558775185264126,0.048071414629122906
Carillon,8.15,0.12838874150404278,0.0477548867015406
Carillon,8.16,0.13132581536750837,0.04747925195011959
Carillon,8.17,0.13438632247353485,0.047241501481271604
Carillon,8.18,0.137557611852619,0.04703710846933436
Carillon,8.19,0.14082703253525772,0.04686337386834637
Carillon,8.2,0.14418193355194775,0.04671942424338172
Carillon,8.21,0.14760966393318659,0.04660497079448854
Carillon,8.22,0.15109757270946983,0.046517973755318985
Carillon,8.23,0.15463300891129494,0.0464579103735013
Carillon,8.24,0.15820332156915864,0.04642233954536277
Carillon,8.25,0.16179585971355784,0.04640959449102314
Carillon,8.26,0.16539797237498932,0.046421538481037194
Carillon,8.27,0.16899700858394998,0.04646085437954224
Carillon,8.28,0.17258031737093654,0.046528309955435596
Carillon,8.290000000000001,0.1761352477664465,0.04662532144282863
Carillon,8.3,0.1796491488009755,0.04675225177455039
Carillon,8.31,0.18310936950502088,0.04691105726931717
Carillon,8.32,0.18650325890907948,0.0471016050543286
Carillon,8.33,0.18981816604364818,0.04732075412336096
Carillon,8.34,0.19304143993922376,0.047562056949940555
Carillon,8.35,0.19616042962630312,0.04781674808226098
Carillon,8.36,0.19916248413538296,0.04807846104509123
Carillon,8.370000000000001,0.20206675479597921,0.04834124128297129
Carillon,8.38,0.20519005110069138,0.048601883588397024
Carillon,8.39,0.20859090527935553,0.04885913590918352
Carillon,8.4,0.21223653811596457,0.04911507232786633
Carillon,8.41,0.21609417039451148,0.04937022479196133
Carillon,8.42,0.22013102289898925,0.04962409781420649
Carillon,8.43,0.22431431641339086,0.049874066849473375
Carillon,8.44,0.22861127172170922,0.05011783449332543
Carillon,8.45,0.23298910960793737,0.05035126997664432
Carillon,8.46,0.23741505085606898,0.05057601326114269
Carillon,8.47,0.24185631625009557,0.05079492247402344
Carillon,8.48,0.24628012657401072,0.05101524670077385
Carillon,8.49,0.25065370261180747,0.051243459971432384
Carillon,8.5,0.2549442651474788,0.05148110616879525
Carillon,8.51,0.25911903496501776,0.0517297137535048
Carillon,8.52,0.26314523284841723,0.051990409657902976
Carillon,8.53,0.2669900795816701,0.05226248805518092
Carillon,8.540000000000001,0.27062079594877003,0.05253990613405951
Carillon,8.55,0.27400460273370875,0.05282018301385847
Carillon,8.56,0.27710872072047976,0.053100673388975596
Carillon,8.57,0.2799003706930762,0.053373671737457315
Carillon,8.58,0.2823467734354909,0.053634424788520804
Carillon,8.59,0.2844151497317169,0.05387209570922082
Carillon,8.6,0.286201429269548,0.05408462553454184
Carillon,8.61,0.2880867336704691,0.05427041040415066
Carillon,8.620000000000001,0.29008025093572,0.05443320769426334
Carillon,8.63,0.2921611783051573,0.054581004457561845
Carillon,8.64,0.29430871301863926,0.05472439434362422
Carillon,8.65,0.2965020523160234,0.05486885321674147
Carillon,8.66,0.29872039343716716,0.0550184914242162
Carillon,8.67,0.3009429336219285,0.055173846747496
Carillon,8.68,0.3031488701101647,0.055334281233103064
Carillon,8.69,0.3053174001417336,0.05550026639125655
Carillon,8.700000000000001,0.30742772095649296,0.055676241756418304
Carillon,8.71,0.30945902979429984,0.05586393496341041
Carillon,8.72,0.31139052389501215,0.05606330795231367
Carillon,8.73,0.31320140049848755,0.0562766987944265
Carillon,8.74,0.3148708568445835,0.05650248264163308
Carillon,8.75,0.3163780901731578,0.05673537602914732
Carillon,8.76,0.31770229772406794,0.056970388427048296
Carillon,8.77,0.3188226767371717,0.057202350040090964
Carillon,8.78,0.31971842445232646,0.05742750234604811
Carillon,8.790000000000001,0.32036873810939004,0.057640976574216615
Carillon,8.8,0.3207528149482199,0.05783840978868622
Carillon,8.81,0.32084985220867357,0.05801657560688084
Carillon,8.82,0.32063904713060887,0.05817310169236409
Carillon,8.83,0.3200895887311444,0.05830674712636209
Carillon,8.84,0.31914576109988346,0.05841656213392916
Carillon,8.85,0.3178212219887164,0.05850273764090413
Carillon,8.86,0.31613864204680153,0.058565138261198905
Carillon,8.870000000000001,0.3141206919232969,0.058607309634613074
Carillon,8.88,0.31179004226736134,0.05863392004517955
Carillon,8.89,0.3091693637281529,0.058648517988361744
Carillon,8.9,0.30628132695482996,0.0586507860060521
Carillon,8.91,0.3031486025965506,0.05864203504368319
Carillon,8.92,0.2997938613024732,0.05862206802543555
Carillon,8.93,0.29623977372175614,0.05859248672577537
Carillon,8.94,0.2925090105035577,0.05855351761333944
Carillon,8.950000000000001,0.28862424229703537,0.05850354302791764
Carillon,8.96,0.28460813975134897,0.058443994145470794
Carillon,8.97,0.28048337351565594,0.05837905177900972
Carillon,8.98,0.2762726142391147,0.05831676608108243
Carillon,8.99,0.27199853257088347,0.058261175956099386
Carillon,9,0.2676837991601206,0.05821650300495199
Carillon,9.01,0.2633510846559844,0.05818873886078955
Carillon,9.02,0.25902305970763306,0.058181792815370066
Carillon,9.03,0.2547223949642249,0.05819454898607206
Carillon,9.040000000000001,0.2504717610749176,0.05822605015758717
Carillon,9.05,0.24629382868887076,0.058276435110769645
Carillon,9.06,0.24221126845524207,0.05834507558766289
Carillon,9.07,0.23824675102318976,0.058430468199579935
Carillon,9.08,0.2344229470418721,0.05852073660328263
Carillon,9.09,0.23076252716044743,0.058611659974925415
Carillon,9.1,0.22728816202807406,0.0587031222741798
Carillon,9.11,0.22395280053244865,0.05879717091894371
Carillon,9.120000000000001,0.2203762500234823,0.058891982833252345
Carillon,9.13,0.2165222845866623,0.0589829682459816
Carillon,9.14,0.21242043164641228,0.0590637554170879
Carillon,9.15,0.20810021862715633,0.05913240801282763
Carillon,9.16,0.2035911729533186,0.059187003913612195
Carillon,9.17,0.1989228220493234,0.0592257927692288
Carillon,9.18,0.19412469333959476,0.05924663194098569
Carillon,9.19,0.18922631424855685,0.05924381643426006
Carillon,9.200000000000001,0.184257212200633,0.059218498832633415
Carillon,9.21,0.17924691462024916,0.05916904427203327
Carillon,9.22,0.17422494893182858,0.059096181724106314
Carillon,9.23,0.16922084255979544,0.05900178889872261
Carillon,9.24,0.16426412292857392,0.0588900538720727
Carillon,9.25,0.1593843174625882,0.05876784649986968
Carillon,9.26,0.15461095358626242,0.05863928584297218
Carillon,9.27,0.1499735587240208,0.058506025535165686
Carillon,9.28,0.14550166030028744,0.05837223166392243
Carillon,9.290000000000001,0.1412247857394858,0.058242225560407555
Carillon,9.3,0.13717246246604156,0.05812986195955238
Carillon,9.31,0.13337421790437815,0.058046652637768294
Carillon,9.32,0.12985957947891968,0.057994756423282924
Carillon,9.33,0.12665807461409034,0.05797715850017922
Carillon,9.34,0.12376765459593796,0.05799871655991477
Carillon,9.35,0.12087999440895573,0.05806279216421791
Carillon,9.36,0.11791897038780415,0.05816878367152831
Carillon,9.370000000000001,0.1148960778641697,0.05831168643632878
Carillon,9.38,0.11182281216974056,0.058486230015757444
Carillon,9.39,0.1087106686362032,0.05868623698087524
Carillon,9.4,0.1055711425952447,0.05890374169246916
Carillon,9.41,0.102415729378552,0.059128469406929673
Carillon,9.42,0.09925592431781229,0.05935317666596741
Carillon,9.43,0.0961032227447125,0.059570130736244925
Carillon,9.44,0.09296911999093975,0.05977005963119304
Carillon,9.450000000000001,0.08986511138818049,0.05994244094130405
Carillon,9.46,0.08680269226812287,0.060083338793236234
Carillon,9.47,0.08379335796245342,0.06019148276160645
Carillon,9.48,0.0808486038028591,0.06027037415277754
Carillon,9.49,0.07797992512102703,0.060322142822063954
Carillon,9.5,0.07519881724864423,0.0603477296255011
Carillon,9.51,0.07251677551739773,0.060351616047109535
Carillon,9.52,0.06994529525897458,0.06033611899127084
Carillon,9.53,0.06749587180506185,0.060306349879764444
Carillon,9.540000000000001,0.06518000048734614,0.06026545197483969
Carillon,9.55,0.06300917663751535,0.06021682788227657
Carillon,9.56,0.06099489558725608,0.06016758240101356
Carillon,9.57,0.05914865266825537,0.06012060242461528
Carillon,9.58,0.057481943212200286,0.06008105674678371
Carillon,9.59,0.05600626255077787,0.06005105161940952
Carillon,9.6,0.05473310601567513,0.06003167410864003
Carillon,9.61,0.053659468579849774,0.060025917477115734
Carillon,9.620000000000001,0.05276807301537242,0.060031147373333
Carillon,9.63,0.052049898538232886,0.06004498119365908
Carillon,9.64,0.051495926347271716,0.060066359810656625
Carillon,9.65,0.051097137641329594,0.06009380394241498
Carillon,9.66,0.05084451361924724,0.06012814294207057
Carillon,9.67,0.05072903547986535,0.060167675901402214
Carillon,9.68,0.05074168442202464,0.06021188908414272
Carillon,9.69,0.0508734416445658,0.06026463848990967
Carillon,9.700000000000001,0.05111528834632961,0.06032940457431824
Carillon,9.71,0.05145820572615665,0.06040898608137679
Carillon,9.72,0.0518931749828877,0.0605019404286697
Carillon,9.73,0.05241117731536344,0.06060830874838287
Carillon,9.74,0.05300319392242457,0.060726290066655524
Carillon,9.75,0.05366020600291182,0.06085030351419601
Carillon,9.76,0.05437319475566587,0.0609775171049014
Carillon,9.77,0.05513314137952744,0.061106916546037365
Carillon,9.78,0.05593102707333723,0.061237932320811816
Carillon,9.790000000000001,0.05675783303593609,0.061371445559193424
Carillon,9.8,0.05760454046616444,0.06150817295336828
Carillon,9.81,0.058462130562863125,0.061650405382688477
Carillon,9.82,0.05932158452487286,0.06179300885662442
Carillon,9.83,0.06036588861888711,0.06193081282393823
Carillon,9.84,0.06204754429244558,0.06205724162936456
Carillon,9.85,0.06432839073920199,0.0621677285915988
Carillon,9.86,0.06714547973050486,0.062265805792659175
Carillon,9.870000000000001,0.07043586303770338,0.062350585204326965
Carillon,9.88,0.07413659243214492,0.0624216388469241
Carillon,9.89,0.0781847196851785,0.06248735327571317
Carillon,9.9,0.08251729656815271,0.06254818722333853
Carillon,9.91,0.08707137485241606,0.06260352604893744
Carillon,9.92,0.0917840063093171,0.0626560179243182
Carillon,9.93,0.09659224271020436,0.06270357830703413
Carillon,9.94,0.10143313582642638,0.0627454729729034
Carillon,9.950000000000001,0.10624373742933255,0.0627862841776014
Carillon,9.96,0.11096109929026966,0.06282903681642547
Carillon,9.97,0.11552227318058712,0.0628824302060826
Carillon,9.98,0.11986431087163352,0.06294728910963832
Carillon,9.99,0.12392426413475731,0.0630279455905008
Carillon,10,0.1276391847413071,0.06312634381784277
Carillon,10.01,0.13094612446263135,0.06323973853509239
Carillon,10.02,0.1337821350700787,0.0633697349633454
Carillon,10.03,0.1360842683349976,0.06352059303889844
Carillon,10.040000000000001,0.13778957602873682,0.06368886005357742
Carillon,10.05,0.13883510992264433,0.06386812548071469
Carillon,10.06,0.13915792178806907,0.06405935748328186
Carillon,10.07,0.13909490468550526,0.06426108067085702
Carillon,10.08,0.139059878570469,0.06447414852340196
Carillon,10.09,0.13903703788845673,0.06469145445592644
Carillon,10.1,0.13901024883119395,0.06490413155044944
Carillon,10.11,0.1389633775904063,0.0651168688648441
Carillon,10.120000000000001,0.13888029035781954,0.0653386401560443
Carillon,10.13,0.1387448533251591,0.06557927318254553
Carillon,10.14,0.1385409326841508,0.06584265625125985
Carillon,10.15,0.13825239462652017,0.06613336307046858
Carillon,10.16,0.1378631053439928,0.06645663763662546
Carillon,10.17,0.1373569310282944,0.0668079483392068
Carillon,10.18,0.13671773787115057,0.06718139682513802
Carillon,10.19,0.135929392064287,0.06757204410969077
Carillon,10.200000000000001,0.13497575979942902,0.06797684413333066
Carillon,10.21,0.1338407072683027,0.06839562509571553
Carillon,10.22,0.13250810066263347,0.06882523561569517
Carillon,10.23,0.13096180617414696,0.06926153662621766
Carillon,10.24,0.1291856899945688,0.06969867357574547
Carillon,10.25,0.12716361831562467,0.07013544117672726
Carillon,10.26,0.12487945732904011,0.07056793842004866
Carillon,10.27,0.12231707322654081,0.07099335931650476
Carillon,10.28,0.1193538486327422,0.07140625502491198
Carillon,10.290000000000001,0.11562712788020843,0.07180193322213582
Carillon,10.3,0.11117467364242874,0.07217209425892977
Carillon,10.31,0.10607161040431301,0.0725079532480074
Carillon,10.32,0.10039306265077169,0.07279029443228709
Carillon,10.33,0.09421415486671526,0.07301624512399683
Carillon,10.34,0.08761001153705415,0.07319796819306648
Carillon,10.35,0.08065575714669879,0.0733441160680985
Carillon,10.36,0.07342651618055966,0.07345590741681762
Carillon,10.370000000000001,0.06599741312354586,0.0735280204104218
Carillon,10.38,0.058443572460570505,0.0735604018156502
Carillon,10.39,0.05084011867654272,0.07356108489097836
Carillon,10.4,0.04326217625637298,0.0735250823394066
Carillon,10.41,0.03578486968497172,0.07344833369677364
Carillon,10.42,0.02848332344724942,0.07332562360712995
Carillon,10.43,0.02143266202811648,0.07314931385435297
Carillon,10.44,0.014708009912483395,0.07291889165489328
Carillon,10.450000000000001,0.008384491585259522,0.072635824048323
Carillon,10.46,0.002537231531357546,0.07230543369314366
Carillon,10.47,-0.0027586457643132114,0.07192909412725237
Carillon,10.48,-0.007428015816842316,0.07150698234371583
Carillon,10.49,-0.0116638971235269,0.07104376976654231
Carillon,10.5,-0.016282072856314,0.0705428371120999
Carillon,10.51,-0.021301950920166898,0.07000576304864926
Carillon,10.52,-0.026674959005022383,0.06943986168260062
Carillon,10.53,-0.032352524800817226,0.06884672204332225
Carillon,10.540000000000001,-0.038286075997489295,0.06821356112894648
Carillon,10.55,-0.04442704028497324,0.0675387345985539
Carillon,10.56,-0.0507268453532069,0.06683322667125714
Carillon,10.57,-0.05713691889212703,0.06611109184357582
Carillon,10.58,-0.0636086885916704,0.06537850390016993
Carillon,10.59,-0.07009358214177383,0.06464532416236854
Carillon,10.6,-0.07654302723237408,0.06391686358337043
Carillon,10.61,-0.08290845155340791,0.06320206602188974
Carillon,10.620000000000001,-0.08914128279481323,0.06250870792525316
Carillon,10.63,-0.09519294864652457,0.061839284815568586
Carillon,10.64,-0.10101487679847983,0.061199420972673085
Carillon,10.65,-0.10655849494061584,0.06059749759350266
Carillon,10.66,-0.11177523076286933,0.06003444773548086
Carillon,10.67,-0.11661651195517707,0.059504962960034026
Carillon,10.68,-0.12103376620747588,0.05900672788800716
Carillon,10.69,-0.12497842120970257,0.05853740451292177
Carillon,10.700000000000001,-0.1284019046517944,0.05809997047463037
Carillon,10.71,-0.13125564422368696,0.05769881125772858
Carillon,10.72,-0.13349106761531768,0.05733644808576173
Carillon,10.73,-0.13504397980916158,0.05701194640504722
Carillon,10.74,-0.13582577123653325,0.0567240134231941
Carillon,10.75,-0.1358874603447528,0.056468065357080474
Carillon,10.76,-0.13529737402348366,0.056243084557192236
Carillon,10.77,-0.1341238391623894,0.056053204558221506
Carillon,10.78,-0.1324351826511335,0.05589781318203494
Carillon,10.790000000000001,-0.13029973137937906,0.055775852427899376
Carillon,10.8,-0.1277858122367904,0.05568653259493668
Carillon,10.81,-0.12496175211303065,0.055625464810792065
Carillon,10.82,-0.12189587789776331,0.055582254104060216
Carillon,10.83,-0.11865651648065191,0.05555115077610662
Carillon,10.84,-0.11531199475135995,0.05552935690877782
Carillon,10.85,-0.11193063959955098,0.055521434754320025
Carillon,10.86,-0.10858077791488845,0.055531370758102126
Carillon,10.870000000000001,-0.10533073658703533,0.05555118543294134
Carillon,10.88,-0.10224884250565634,0.05557139548856768
Carillon,10.89,-0.09940342256041435,0.05559402159027066
Carillon,10.9,-0.09686280364097288,0.05562096949360159
Carillon,10.91,-0.09469531263699545,0.05565019694878427
Carillon,10.92,-0.09296927643814556,0.05568569090026868
Carillon,10.93,-0.09170673361585982,0.05573400359896486
Carillon,10.94,-0.0903490565169518,0.055794024254881884
Carillon,10.950000000000001,-0.08873349049970913,0.05586360306457396
Carillon,10.96,-0.08688554988080949,0.05593693220838458
Carillon,10.97,-0.08483074897692965,0.05601320066809424
Carillon,10.98,-0.08259460210474667,0.056089671304556304
Carillon,10.99,-0.08020262358093766,0.056163687862862285
Carillon,11,-0.07768032772217964,0.0562357266308451
Carillon,11.01,-0.07505322884514973,0.056312431208123584
Carillon,11.02,-0.07234684126652495,0.05639785891847956
Carillon,11.03,-0.06958667930298236,0.056495285797863844
Carillon,11.040000000000001,-0.06679825727119854,0.05660919581605495
Carillon,11.05,-0.06400708948785157,0.0567433528092922
Carillon,11.06,-0.06123869026961799,0.056898653792227215
Carillon,11.07,-0.0585185739331749,0.05707633504647678
Carillon,11.08,-0.05587225479519935,0.057279472492250544
Carillon,11.09,-0.05332524717236839,0.05750871392011
Carillon,11.1,-0.050903065381359115,0.05776161732919886
Carillon,11.11,-0.04863122373884857,0.05803641847144495
Carillon,11.120000000000001,-0.04653523656151346,0.0583320551525044
Carillon,11.13,-0.04464061816603162,0.05864479403363364
Carillon,11.14,-0.042972882869079715,0.0589651711697947
Carillon,11.15,-0.041633408536060505,0.05929382274860487
Carillon,11.16,-0.041019204661744725,0.05962891025770464
Carillon,11.17,-0.041117895440983286,0.059971869769162495
Carillon,11.18,-0.04185137469217651,0.060329779368182075
Carillon,11.19,-0.04314153623372469,0.06071272358895024
Carillon,11.200000000000001,-0.0449102738840285,0.06112704747671639
Carillon,11.21,-0.04707948146148761,0.06158314698912158
Carillon,11.22,-0.049571052784502634,0.062088778472027296
Carillon,11.23,-0.05230688167147385,0.06264369735467237
Carillon,11.24,-0.055208861940801594,0.06323593551279147
Carillon,11.25,-0.05819888741088616,0.06384988630083115
Carillon,11.26,-0.06119885190012789,0.06448543286731093
Carillon,11.27,-0.06413064922692707,0.06514330945743284
Carillon,11.28,-0.06691617320968403,0.06581765221382023
Carillon,11.290000000000001,-0.0694773176667995,0.06650321080017202
Carillon,11.3,-0.07173597641667288,0.06718972298295257
Carillon,11.31,-0.07361404327770499,0.06787162337935071
Carillon,11.32,-0.07503341206829607,0.06855311323041675
Carillon,11.33,-0.0759159766068465,0.06922956935152015
Carillon,11.34,-0.07618363071175659,0.0699009532117167
Carillon,11.35,-0.07575826820142662,0.07056917083231018
Carillon,11.36,-0.0745617828942569,0.07122815421554052
Carillon,11.370000000000001,-0.07251606860864733,0.0718785670073455
Carillon,11.38,-0.06954301916299895,0.07252569248864137
Carillon,11.39,-0.06556607162503164,0.07317768731636111
Carillon,11.4,-0.06078336376570641,0.07383353329733006
Carillon,11.41,-0.05540083200852232,0.07448395171789673
Carillon,11.42,-0.049456046449432856,0.07511718500368017
Carillon,11.43,-0.04298657718439153,0.07572569494171538
Carillon,11.44,-0.03602999430935181,0.07630661999076598
Carillon,11.450000000000001,-0.028623867920265857,0.07685995284693059
Carillon,11.46,-0.02080576811308979,0.07738214420319718
Carillon,11.47,-0.012613264983775846,0.07787047140384053
Carillon,11.48,-0.004083928628277494,0.07832694854248166
Carillon,11.49,0.004744670857451777,0.07875710452189186
Carillon,11.5,0.013834963377458442,0.07916339520487034
Carillon,11.51,0.02314937883578902,0.07954372830116496
Carillon,11.52,0.032650347136490045,0.0798913494300127
Carillon,11.53,0.04230029818360798,0.08021126960307824
Carillon,11.540000000000001,0.052061661881191115,0.08050504938337943
Carillon,11.55,0.06189686813328244,0.08077144725505442
Carillon,11.56,0.07176834684393024,0.08101759560906163
Carillon,11.57,0.08163852791718097,0.08124323601165107
Carillon,11.58,0.09146984125708117,0.08144066829950761
Carillon,11.59,0.10122471676767732,0.08159458931716486
Carillon,11.6,0.11086558435301594,0.08168904625311442
Carillon,11.61,0.12035487391714356,0.08172568938209575
Carillon,11.620000000000001,0.1296643415065514,0.08169084837766523
Carillon,11.63,0.13985264925287433,0.08158982608373778
Carillon,11.64,0.15154351312172687,0.08144471500509906
Carillon,11.65,0.16456983283266263,0.08124787246837499
Carillon,11.66,0.1787645081052353,0.08102231148754496
Carillon,11.67,0.1939604386589985,0.08079421912748985
Carillon,11.68,0.20999052421350586,0.08058881625595873
Carillon,11.69,0.22668766448831118,0.08042835285258575
Carillon,11.700000000000001,0.243884759202971,0.08035285604021347
Carillon,11.71,0.26141470807703293,0.08038129373232886
Carillon,11.72,0.27911041083005367,0.08052205433365975
Carillon,11.73,0.29680476718158677,0.08077735036223875
Carillon,11.74,0.314330676851186,0.0811529646140666
Carillon,11.75,0.3315210395584049,0.08164653598249486
Carillon,11.76,0.3482087550227972,0.08222321422456312
Carillon,11.77,0.3642267229639165,0.08283284620885462
Carillon,11.78,0.3794078431013165,0.08344296508957597
Carillon,11.790000000000001,0.39358501515455324,0.08401976133929535
Carillon,11.8,0.4065911388431752,0.08455238777542985
Carillon,11.81,0.41825911388673886,0.08503933670919615
Carillon,11.82,0.42842184000479777,0.08546163502699301
Carillon,11.83,0.4369141662187207,0.08582000721102816
Carillon,11.84,0.444807363832321,0.08613324017904159
Carillon,11.85,0.45303624582822105,0.086428211563132
Carillon,11.86,0.46150262072199677,0.08670091466665074
Carillon,11.870000000000001,0.47010829702922496,0.08694453458529325
Carillon,11.88,0.4787550832654782,0.08718281118149548
Carillon,11.89,0.48734478794633357,0.08746002144308601
Carillon,11.9,0.4957792195873668,0.08780705096557903
Carillon,11.91,0.5039601867041532,0.08822114263577953
Carillon,11.92,0.5117894978122686,0.08868404602402702
Carillon,11.93,0.5191689614272883,0.08917913200867716
Carillon,11.94,0.526000386064788,0.08968404638276986
Carillon,11.950000000000001,0.5321855802403445,0.0901817490937306
Carillon,11.96,0.5376263524695306,0.09066129814622167
Carillon,11.97,0.5422245112679236,0.09110898878415602
Carillon,11.98,0.5458818651510988,0.0915140672710262
Carillon,11.99,0.5484870174038485,0.0918804056312425
Carillon,12,0.5498840652658644,0.09222075622893568
Carillon,12.01,0.5501239421039367,0.09254433610548636
Carillon,12.02,0.5492974892814128,0.09285318968156847
Carillon,12.030000000000001,0.5474955481616389,0.09315120977079573
Carillon,12.040000000000001,0.5448089601079633,0.0934468409337353
Carillon,12.05,0.5413285664837327,0.09374990973680492
Carillon,12.06,0.5371452086522942,0.09406473286513554
Carillon,12.07,0.5323497279769948,0.09438685890684753
Carillon,12.08,0.527032965821182,0.09469950784712514
Carillon,12.09,0.5212857635482024,0.09498444338532333
Carillon,12.1,0.5151989625214037,0.09523819073021987
Carillon,12.11,0.5088634041041327,0.0954607126569272
Carillon,12.120000000000001,0.5023699296597353,0.0956481251397964
Carillon,12.13,0.4958093805515611,0.09579659643916454
Carillon,12.14,0.489272598142956,0.09590544950957014
Carillon,12.15,0.4828504237972672,0.0959604518903622
Carillon,12.16,0.4766336988778418,0.09596076972530324
Carillon,12.17,0.4707132647480268,0.09590968256245776
Carillon,12.18,0.46517996277116963,0.09580608740982059
Carillon,12.19,0.4601246343106171,0.09564878744492493
Carillon,12.200000000000001,0.4552734098787771,0.09542385067439993
Carillon,12.21,0.4500246061075458,0.09510865629575317
Carillon,12.22,0.4443895244334938,0.09470185249408396
Carillon,12.23,0.4383923346215061,0.09420736730789689
Carillon,12.24,0.43205720643646794,0.093635290224031
Carillon,12.25,0.4254083096432643,0.09300661760601514
Carillon,12.26,0.4184698140067805,0.09233128227338833
Carillon,12.27,0.4112658892919013,0.09163662177894363
Carillon,12.280000000000001,0.4038207052635107,0.09093789233349067
Carillon,12.290000000000001,0.3961584316864963,0.09024024364649105
Carillon,12.3,0.38830323832574204,0.08955769579476085
Carillon,12.31,0.3802792949461328,0.08890278415490242
Carillon,12.32,0.372110771312554,0.08828993233247642
Carillon,12.33,0.3638218371898903,0.08772820945410673
Carillon,12.34,0.3554366623430271,0.0872186381822975
Carillon,12.35,0.3469794165368494,0.08677218765929871
Carillon,12.36,0.3384742695362423,0.08639662614030238
Carillon,12.370000000000001,0.3299453911060894,0.08609338921620219
Carillon,12.38,0.3214169510112788,0.08585941043458507
Carillon,12.39,0.312913119016694,0.08569081914877053
Carillon,12.4,0.3044580648872202,0.08558373318025984
Carillon,12.41,0.29607595838774253,0.0855255551800316
Carillon,12.42,0.28779096928314596,0.08550417151343132
Carillon,12.43,0.27962726733831567,0.085512978073431
Carillon,12.44,0.27151645914118455,0.08554386609806403
Carillon,12.450000000000001,0.263023682509354,0.08558304482098887
Carillon,12.46,0.25413004440874476,0.08562094155838379
Carillon,12.47,0.2448825196940016,0.08565717424750624
Carillon,12.48,0.23532808321977053,0.08569007694298508
Carillon,12.49,0.22551370984069763,0.08571818957390111
Carillon,12.5,0.21548637441142918,0.0857474387069038
Carillon,12.51,0.20529305178661117,0.08577584924809896
Carillon,12.52,0.1949807168208898,0.08579672266738447
Carillon,12.530000000000001,0.18459634436890926,0.08581059531517202
Carillon,12.540000000000001,0.17418690928531946,0.0858150524137245
Carillon,12.55,0.16379938642476463,0.08580602450733466
Carillon,12.56,0.15348075064189085,0.08577430717730326
Carillon,12.57,0.14327797679134435,0.08571022728675427
Carillon,12.58,0.13323803972777118,0.08561253190571418
Carillon,12.59,0.12340791430581748,0.0854822516570046
Carillon,12.6,0.11383457538012938,0.08531566969175758
Carillon,12.61,0.104564997805353,0.08510147120028014
Carillon,12.620000000000001,0.09564615643613289,0.08483191908771172
Carillon,12.63,0.08712502612711841,0.08450268171529857
Carillon,12.64,0.07904760956899333,0.08410981980346544
Carillon,12.65,0.07091386834554411,0.08365616304814892
Carillon,12.66,0.062328085869985506,0.0831403749527195
Carillon,12.67,0.05336459709381762,0.08256371620362103
Carillon,12.68,0.04409773696854048,0.081940773226586
Carillon,12.69,0.034601840445654224,0.08128530736418475
Carillon,12.700000000000001,0.02495124247665717,0.08061207373517128
Carillon,12.71,0.015220278013052856,0.07991888500478217
Carillon,12.72,0.005483282006339675,0.07920468844495168
Carillon,12.73,-0.0041854105919823005,0.0784793906085608
Carillon,12.74,-0.013711464830413,0.07775629561827621
Carillon,12.75,-0.02302054575745232,0.07705073102892651
Carillon,12.76,-0.032038318421600195,0.07637359609902664
Carillon,12.77,-0.04069044787135655,0.07572892258758238
Carillon,12.780000000000001,-0.04890259915522269,0.07511947402456144
Carillon,12.790000000000001,-0.05660043732169563,0.07453531102927852
Carillon,12.8,-0.06370962741927676,0.07397339142089351
Carillon,12.81,-0.07015583449646605,0.07342674534248227
Carillon,12.82,-0.07600438818833126,0.07288637683201468
Carillon,12.83,-0.08168298718393376,0.07234203319172092
Carillon,12.84,-0.08722918061631908,0.07178525333464685
Carillon,12.85,-0.09264434974140802,0.07122322231414353
Carillon,12.86,-0.09792987581512133,0.07066378175200681
Carillon,12.870000000000001,-0.10308714009338071,0.07011694332358186
Carillon,12.88,-0.10811752383210507,0.06959933763811532
Carillon,12.89,-0.11302240828721608,0.06912753480305409
Carillon,12.9,-0.11780317471463451,0.06871112335974562
Carillon,12.91,-0.12246120437028114,0.06836062340633095
Carillon,12.92,-0.1269978785100767,0.06808528479718808
Carillon,12.93,-0.13141457838994203,0.06788614183125555
Carillon,12.94,-0.13571268526579777,0.06776192885126278
Carillon,12.950000000000001,-0.13989358039356553,0.06770447087877392
Carillon,12.96,-0.14395864502916453,0.06770571658420982
Carillon,12.97,-0.1479092604285163,0.0677606658053071
Carillon,12.98,-0.1517468078475416,0.06785868385678101
Carillon,12.99,-0.15547266854216113,0.06798548617697167
Carillon,13,-0.1590882237682958,0.06812676439365369
Carillon,13.01,-0.16259485478186625,0.06827712415117564
Carillon,13.02,-0.16598824996572994,0.06844145444157418
Carillon,13.030000000000001,-0.16915857652447266,0.06862127971105066
Carillon,13.040000000000001,-0.17206919211287194,0.06881992234280453
Carillon,13.05,-0.1747280193580213,0.06904088582034845
Carillon,13.06,-0.17714298088701383,0.06928962521906383
Carillon,13.07,-0.1793219993269426,0.06957001527370392
Carillon,13.08,-0.1812729973049005,0.06988589766727202
Carillon,13.09,-0.1830038974479807,0.07023896427059785
Carillon,13.1,-0.18452262238327616,0.07062780847382193
Carillon,13.11,-0.18583709473787993,0.07104839410536
Carillon,13.120000000000001,-0.18695523713888515,0.07149965139074747
Carillon,13.13,-0.1878849722133845,0.07197996217577589
Carillon,13.14,-0.18863422258847115,0.07248270009830007
Carillon,13.15,-0.18921091089123823,0.07299825172996496
Carillon,13.16,-0.18962295974877869,0.07351944449909897
Carillon,13.17,-0.18987829178818558,0.07404063725508693
Carillon,13.18,-0.1899848296365519,0.07455056482769584
Carillon,13.19,-0.18995049592097069,0.075039594397051
Carillon,13.200000000000001,-0.18978321326853495,0.07549721049467445
Carillon,13.21,-0.18949090430633775,0.07591380388068521
Carillon,13.22,-0.1890814916614721,0.07628234073995872
Carillon,13.23,-0.18856289796103096,0.07660183917937274
Carillon,13.24,-0.18794304583210744,0.07686983421261191
Carillon,13.25,-0.18722985790179453,0.07708308699287225
Carillon,13.26,-0.18636197074441377,0.07724188468873039
Carillon,13.27,-0.1852278771548279,0.07735247489002751
Carillon,13.280000000000001,-0.18384045270706756,0.07742140758260851
Carillon,13.290000000000001,-0.1822150341831335,0.07745376478687759
Carillon,13.3,-0.18036695836502606,0.07745593081999552
Carillon,13.31,-0.17831156203474566,0.07743507765162061
Carillon,13.32,-0.17606418197429272,0.07739755127784458
Carillon,13.33,-0.17364015496566773,0.0773501586073934
Carillon,13.34,-0.17105481779087112,0.07729929454297362
Carillon,13.35,-0.1683235072319033,0.07725056848378713
Carillon,13.36,-0.16546156007076476,0.07720881466340257
Carillon,13.370000000000001,-0.1624843130894554,0.0771806193495958
Carillon,13.38,-0.1594071030699768,0.07716882925300729
Carillon,13.39,-0.15624526679432874,0.07717561238584578
Carillon,13.4,-0.15301414104451178,0.07720335834796843
Carillon,13.41,-0.14972906260252627,0.07725140550477298
Carillon,13.42,-0.14640536825037276,0.0773163882798188
Carillon,13.43,-0.14305839477005167,0.07739284686279634
Carillon,13.44,-0.13970347894356339,0.07747678597931407
Carillon,13.450000000000001,-0.1363559575529078,0.07756235622019034
Carillon,13.46,-0.13303116738008658,0.07764175454087689
Carillon,13.47,-0.12974444520709955,0.07770798663444181
Carillon,13.48,-0.12651112781594717,0.0777535693418863
Carillon,13.49,-0.12334655198862983,0.07776975806510136
Carillon,13.5,-0.12026605450714808,0.07775129446703988
Carillon,13.51,-0.11728497215350228,0.07768687211319844
Carillon,13.52,-0.11441864170969292,0.0775726878108049
Carillon,13.530000000000001,-0.11168239995771997,0.07740560380129276
Carillon,13.540000000000001,-0.10893732754847198,0.0771826650225834
Carillon,13.55,-0.10577953752075758,0.07690064218083334
Carillon,13.56,-0.10222153753476,0.0765580900599748
Carillon,13.57,-0.098301620497759,0.07615552186172789
Carillon,13.58,-0.09405807931703423,0.07569542094909736
Carillon,13.59,-0.08952920689986542,0.07518480196543663
Carillon,13.6,-0.08475329615353225,0.07463989365240477
Carillon,13.61,-0.07976863998531442,0.07408028715228666
Carillon,13.620000000000001,-0.07461353130249065,0.07352446364101715
Carillon,13.63,-0.06932626301234258,0.07298365815937498
Carillon,13.64,-0.06394512802214894,0.07246827794447713
Carillon,13.65,-0.058508419239189466,0.07199321048232886
Carillon,13.66,-0.05305442957074381,0.07156906539267865
Carillon,13.67,-0.047621451924091694,0.0712032456253295
Carillon,13.68,-0.04224777920651281,0.07090138878967964
Carillon,13.69,-0.03697170432528688,0.07066474586611993
Carillon,13.700000000000001,-0.03183152018769267,0.07049399561417671
Carillon,13.71,-0.026865519701011743,0.0703877693175169
Carillon,13.72,-0.022111995772522854,0.07034590177975582
Carillon,13.73,-0.017609241309505707,0.07036507954112442
Carillon,13.74,-0.013395549219239987,0.0704353271823251
Carillon,13.75,-0.009509212409005416,0.07054609508346624
Carillon,13.76,-0.005988523786081679,0.07068831114504548
Carillon,13.77,-0.0028717762577484688,0.07085142561775666
Carillon,13.780000000000001,-1.972627312850684e-4,0.07102820834547793
Carillon,13.790000000000001,0.0020820190805690988,0.07120898607993595
Carillon,13.8,0.004139600783434394,0.07138665178252043
Carillon,13.81,0.005998612428073753,0.07155440589000177
Carillon,13.82,0.007676566218377407,0.07171323344737689
Carillon,13.83,0.009190974358235592,0.07186437806319328
Carillon,13.84,0.010559349051538535,0.0720029140948992
Carillon,13.85,0.011799202502176474,0.07213244529106158
Carillon,13.86,0.012928046914039641,0.07225948225734535
Carillon,13.870000000000001,0.01396339449101844,0.07238656954180865
Carillon,13.88,0.014922757437002741,0.07251883021577743
Carillon,13.89,0.01582364795588297,0.0726617735361432
Carillon,13.9,0.01668357825154936,0.07281913517555623
Carillon,13.91,0.017520060527892137,0.07299160961929348
Carillon,13.92,0.018350606988801536,0.07318116982513623
Carillon,13.93,0.019192729838167798,0.07338826995026615
Carillon,13.94,0.020063941279881137,0.07361072148461899
Carillon,13.950000000000001,0.02098175351783198,0.07384359152411615
Carillon,13.96,0.02196367875591021,0.07407602228295312
Carillon,13.97,0.023027229198006233,0.07429649708572324
Carillon,13.98,0.024189917048010278,0.07448986305578707
Carillon,13.99,0.025469254509812574,0.07464294905335833
Carillon,14,0.02687477750504152,0.07475167893810933
Carillon,14.01,0.02797732704727471,0.07480820331747039
Carillon,14.02,0.028560083599784004,0.07480541298228724
Carillon,14.030000000000001,0.02867281431939836,0.07473878373418756
Carillon,14.040000000000001,0.028365286362946714,0.07461030324832459
Carillon,14.05,0.02768726688725811,0.07443703342528926
Carillon,14.06,0.026688523049161514,0.07423875908184624
Carillon,14.07,0.025418822005485918,0.07402870715363542
Carillon,14.08,0.023927930913060287,0.07381689554324442
Carillon,14.09,0.022265616928713598,0.07361346320494094
Carillon,14.1,0.020481647209274825,0.07342601085594787
Carillon,14.11,0.01862578891157296,0.07326448420667071
Carillon,14.120000000000001,0.016747809192436628,0.07313590708561125
Carillon,14.13,0.014897475208695492,0.07304372181098932
Carillon,14.14,0.013124554117178182,0.07298939852818262
Carillon,14.15,0.01147881307471369,0.07297130834012168
Carillon,14.16,0.010010019238130982,0.07298666774000766
Carillon,14.17,0.008767939764259039,0.0730311960802785
Carillon,14.18,0.007802341809926832,0.07310009683796777
Carillon,14.19,0.007162992531963348,0.07318367856314766
Carillon,14.200000000000001,0.00689965908719754,0.07327388949865973
Carillon,14.21,0.007062108632458491,0.07337032927924907
Carillon,14.22,0.007700108324575095,0.07347127142365477
Carillon,14.23,0.008863425320376334,0.07357010832412941
Carillon,14.24,0.010601826776691177,0.07366079303558393
Carillon,14.25,0.012965079850348595,0.07373694361333795
Carillon,14.26,0.015991880340204934,0.07379246438664296
Carillon,14.27,0.019372045204031043,0.0738315649603563
Carillon,14.280000000000001,0.02294134866390874,0.07385208602968663
Carillon,14.290000000000001,0.02669449488268105,0.07384830699619313
Carillon,14.3,0.030626188023192894,0.0738186573807844
Carillon,14.31,0.034731132248288554,0.07376799376153834
Carillon,14.32,0.03900403172081235,0.07369638896921979
Carillon,14.33,0.04343959060360856,0.07360863355111939
Carillon,14.34,0.04803251305952147,0.0735142724235056
Carillon,14.35,0.05277750325139542,0.07342258454828723
Carillon,14.36,0.05766926534207468,0.07333607276749352
Carillon,14.370000000000001,0.06270250349440443,0.07325390272845075
Carillon,14.38,0.06787192187122722,0.07317384183516275
Carillon,14.39,0.0731722246353882,0.07309293695496287
Carillon,14.4,0.07859811594973169,0.07300743843220986
Carillon,14.41,0.08414429997710195,0.072912820481654
Carillon,14.42,0.08980548088034332,0.07280368376339189
Carillon,14.43,0.09557636282230007,0.07267425782160959
Carillon,14.44,0.1014516499658165,0.07252012101638841
Carillon,14.450000000000001,0.10742604647373799,0.07233810852249488
Carillon,14.46,0.11349425650890667,0.07212510031479694
Carillon,14.47,0.11965098423416799,0.07188295376689627
Carillon,14.48,0.12589093381236616,0.07161331757648998
Carillon,14.49,0.13220880940634547,0.07131626709461883
Carillon,14.5,0.13859931517895024,0.0709898867600065
Carillon,14.51,0.14506249711258873,0.0706319029898718
Carillon,14.52,0.15164066516448427,0.07024706337582047
Carillon,14.530000000000001,0.15834433091135358,0.06984164108096025
Carillon,14.540000000000001,0.1651738634312228,0.06942192153868189
Carillon,14.55,0.17212963180212193,0.06899402523768239
Carillon,14.56,0.17921200510207952,0.0685642835991872
Carillon,14.57,0.18642135240912416,0.06813625926905739
Carillon,14.58,0.1937580428012846,0.06771434321490498
Carillon,14.59,0.20122244535658945,0.0673029950615029
Carillon,14.6,0.20881492915306732,0.06690663364910798
Carillon,14.61,0.21653586326874685,0.06652893908362452
Carillon,14.620000000000001,0.2243856167816581,0.0661732652775897
Carillon,14.63,0.2323645587698269,0.06584326315082581
Carillon,14.64,0.24047305831128338,0.0655428945937833
Carillon,14.65,0.24871148448405603,0.06527644455042361
Carillon,14.66,0.2570802063661736,0.06504853041404574
Carillon,14.67,0.26557959303566475,0.06486410779565546
Carillon,14.68,0.2742100135705581,0.06472847165810969
Carillon,14.69,0.2829718370488822,0.06464725173576366
Carillon,14.700000000000001,0.2918654325486673,0.06462639632911983
Carillon,14.71,0.300891169147939,0.06467215759994828
Carillon,14.72,0.3100494159247275,0.06479113703808247
Carillon,14.73,0.3193405419570613,0.06499019006535704
Carillon,14.74,0.3287649163229692,0.0652765334023189
Carillon,14.75,0.3383229081004797,0.06565752783607967
Carillon,14.76,0.3480146007331723,0.06614085955327399
Carillon,14.77,0.3578326814924218,0.066733935061582
Carillon,14.780000000000001,0.36777394473625885,0.06744376406127373
Carillon,14.790000000000001,0.37783857027115986,0.06827707200526367
Carillon,14.8,0.38802673790360687,0.06924012012261718
Carillon,14.81,0.39833862744008003,0.07033849811601446
Carillon,14.82,0.40877441868705944,0.07157694508091313
Carillon,14.83,0.4193342914510252,0.07295926202186143
Carillon,14.84,0.4300184255384575,0.07448844330399088
Carillon,14.85,0.4408270007558366,0.07616657494075273
Carillon,14.86,0.4517601969096424,0.07799490602776525
Carillon,14.870000000000001,0.4628181938063572,0.0799739046622697
Carillon,14.88,0.4740011712524571,0.08210332183377181
Carillon,14.89,0.4853093090544243,0.08438225626567092
Carillon,14.9,0.496742787018739,0.08680923854916688
Carillon,14.91,0.508301784951881,0.08938231717608644
Carillon,14.92,0.5199864826603309,0.09209914294399393
Carillon,14.93,0.5317970599505685,0.09495704897356697
Carillon,14.94,0.5437336966290741,0.09795312436543917
Carillon,14.950000000000001,0.55579657250233,0.10108428025803029
Carillon,14.96,0.5679858673768119,0.10434730768183387
Carillon,14.97,0.5803017610590024,0.1077389271158273
Carillon,14.98,0.5927444333553813,0.11125583003382647
Carillon,14.99,0.6053140640724289,NA
Carillon,15,NA,NA
